{
    "weapon_11_blade_extend": {
        "sounds": [
            "suit/weapon_11_blade_extend"
        ],
        "category": "player"
    },
    "weapon_11_blade_retract": {
        "sounds": [
            "suit/weapon_11_blade_retract"
        ],
        "category": "player"
    },
    "weapon_11_teleport": {
        "sounds": [
            "suit/weapon_11_teleport"
        ],
        "category": "player"
    },
    "moon_knight_blade_enable": {
        "sounds": [
            "suit/moon_knight_blade_enable"
        ],
        "category": "player"
    },
    "moon_knight_blade_disable": {
        "sounds": [
            "suit/moon_knight_blade_disable"
        ],
        "category": "player"
    },
    "cyclops_beam_ambience": {
        "sounds": [
            "suit/cyclops_beam_ambience"
        ],
        "category": "player"
    },
    "black_bolt_whisper": {
        "sounds": [
            "suit/black_bolt_whisper"
        ],
        "category": "player"
    },
    "black_bolt_yell": {
        "sounds": [
            "suit/black_bolt_yell"
        ],
        "category": "player"
    },
    "symbiote_surge": {
        "sounds": [
            "suit/symbiote_surge"
        ],
        "category": "player"
    },
    "homlander_beam_start": {
        "sounds": [
            "suit/homelander_beam_start"
        ],
        "category": "player"
    },
    "homlander_beam_stop": {
        "sounds": [
            "suit/homelander_beam_stop"
        ],
        "category": "player"
    },
    "homlander_beam_ambience": {
        "sounds": [
            "suit/homelander_beam_ambience"
        ],
        "category": "player"
    },
    "ikaris_beam_start": {
        "sounds": [
            "suit/ikaris_beam_start"
        ],
        "category": "player"
    },
    "ikaris_beam_stop": {
        "sounds": [
            "suit/ikaris_beam_stop"
        ],
        "category": "player"
    },
    "ikaris_beam_ambience": {
        "sounds": [
            "suit/ikaris_beam_ambience"
        ],
        "category": "player"
    }
}