{
    "weapon_11_blade_extend": {
        "sounds": [
            "suit/weapon_11_blade_extend"
        ],
        "category": "player"
    },
    "weapon_11_blade_retract": {
        "sounds": [
            "suit/weapon_11_blade_retract"
        ],
        "category": "player"
    },
    "weapon_11_teleport": {
        "sounds": [
            "suit/weapon_11_teleport"
        ],
        "category": "player"
    },
    "moon_knight_blade_enable": {
        "sounds": [
            "suit/moon_knight_blade_enable"
        ],
        "category": "player"
    },
    "moon_knight_blade_disable": {
        "sounds": [
            "suit/moon_knight_blade_disable"
        ],
        "category": "player"
    },
    "cyclops_beam_ambience": {
        "sounds": [
            "suit/cyclops_beam_ambience"
        ],
        "category": "player"
}
}